date,1,2,3,4,5,6,7,8,9,10,11,12,13,14,15,16,17,18,19,20,21,22,23,24,25,26,27,28,29,30,31,32,33,34,35,36,37,38,39,40,41,42,43,44,45,46,47,48,49,50
2017-10-01,292.69734069584644,837.6465722056029,499.24645096398547,310.4953070266892,251.41021500057084,835.9292599321169,819.3363033462971,1091.6614770457072,722.0981763955991,1031.986286255736,953.5440468618228,950.7461876660536,1209.9878163889553,861.5292007276062,1230.0741839236846,359.97317077055146,451.60779311503154,1225.5930559075443,593.6140028114688,676.3178494818233,578.1232954887248,1141.2028026988787,407.0169612437758,954.2958484290164,1128.5686529111122,655.7479271251884,308.25154274751975,1259.3716236988018,978.3032587239287,582.3639984034447,848.1084256525526,626.2917377134495,968.5143639331939,371.3993535584322,928.8201732146505,1108.0105584970804,412.92573293737274,1146.4326682620829,615.1448945962007,419.58320486561286,303.20543270198345,521.6333606290052,738.2959228119587,415.1457958359181,1173.5822423312875,831.8037814337079,300.8331970645263,727.399471292389,419.57612342105074,908.1262858367645
2017-10-02,200.27821978077696,539.5130829469257,332.78136986831424,214.67936159399179,162.32753617482462,552.708657864319,533.8633995368463,718.819373583688,471.94895784982265,665.8469012935855,629.8845345220079,624.5775316954837,784.4671513504944,564.1264506702498,810.2104846278213,236.0122122305167,297.03329834050635,808.409621051413,396.40694469548,437.3635268866795,359.7372830532386,733.5145551232066,279.1600472345848,636.9303712627623,724.4720270929784,434.6717823290577,201.7045854706395,818.8454972631442,654.5482865680835,372.05857829599927,551.2709355897074,392.7927988355088,635.9446753794897,253.9562265892926,611.6924205393084,721.2533584620477,266.815526845723,765.8185422973879,405.43887920725854,274.77674779704097,198.9197632239985,351.98711243346884,479.1240187844353,279.466297348207,782.6822868332761,536.468469014129,202.84253152025644,487.48233274103745,270.79700592150635,611.4391692974017
2017-10-03,230.4394113997489,646.5734611228321,385.43196728259363,243.4173975527892,193.7191418706285,644.5314186076093,633.5276266536698,829.8117439889334,538.3826835125147,779.1645244093731,718.0323356739611,734.7941907501177,926.5934924054183,657.5039092369956,955.5903626805108,269.2118289176409,348.8941592769625,932.2248281185413,461.11581597212756,515.538099605204,423.67633305706704,869.090795538717,324.2101936649021,733.2765653064091,866.18005102607,499.17406205065987,235.5825313435898,958.3784533508083,757.4945911696772,441.01545769059237,627.6993899296025,471.8635957176553,745.8490207891214,294.84842646485225,711.3750438231206,848.0044494779012,318.43097376099274,881.4821235097369,469.19993087261014,313.22890985286875,234.7561470071808,394.39136004769836,557.0544662862161,322.4823486889408,905.0587404027506,652.3830241478424,237.2755876887312,555.1137044224225,311.9277423790498,690.1134283446994
2017-10-04,233.91063831643996,653.0396774663382,382.9619782987775,245.59133476767096,193.96115580984375,646.296142615696,633.6071335127104,851.5904708723635,551.4334016623201,787.4421988711556,742.3169512066067,726.0114459863379,909.5867478798554,659.3584708414816,954.2360759242836,275.75068496810115,349.3307324219864,940.0193275235159,462.0872232372825,516.0610639232102,435.3928210890338,864.8852120319527,327.713603866515,770.9784612735807,872.7123257505981,493.07383939119467,236.8401710230591,966.1259132877791,750.7475844502939,449.29882592340175,643.776380796142,483.77288391535666,758.6004870460895,286.53808855047475,715.207104379903,855.2777832315693,314.6563123051072,883.0999614151391,482.1526915064206,308.2509803021614,233.46542378992757,423.8625038012043,574.3823938116101,328.3397657639964,905.975717922936,638.5175025775981,236.74125866835618,559.9110568097187,318.0389442216289,714.1404714543268
2017-10-05,244.28322175525997,693.8634573161403,409.6761850026752,260.53077502147704,208.55909450418153,680.321424623712,681.3671379662462,902.9456922788921,579.5610570358369,840.4228882430798,801.9829491352405,797.5667312532413,980.0343798820592,705.6678205680968,1012.1053557346125,297.5570305941597,380.4198942102041,1026.2380211826255,495.43889476489557,559.165552726503,466.69116329496615,942.6009921843431,350.7733409981294,789.0082486912753,921.7859783315959,535.4444668202816,257.51442463671566,1011.2076881531921,827.746561901186,470.1495639234054,691.9772735058239,506.4355114146434,804.8357642580702,306.80536997883286,772.7319143044584,923.9913187541333,355.9697208709863,923.4526854841952,516.4559138644147,343.15614286639936,250.19635471165327,436.9824171984189,608.2367038884073,346.6984240190894,981.2657832706512,685.5019076072242,252.52282517167143,601.5596366485586,343.82228192504897,762.9166292499443
2017-10-06,261.5387492945083,730.0051254217256,439.2794001393262,277.4941025085643,222.82349461752096,722.2944065125619,710.0513554210856,955.6202979882388,617.223489122205,918.1591709990435,859.65855321191,846.4287657839947,1047.7103249282266,758.5517934393162,1078.8153278384343,308.45909330143803,396.0522934450729,1073.6605636860868,529.3050964649547,596.030245843589,507.43836077496763,990.1092759899885,369.2732044040569,842.7649405076646,991.745536282945,573.461415330687,273.18379451458316,1087.0129453642255,857.2109496786586,513.9466083502165,737.5407054951283,540.4944333105096,870.8974166141746,330.0981673702967,812.2879494381979,953.3001590404164,365.89427900886756,990.8302524572056,548.9080767020761,361.9692382155473,271.8076367359923,467.2317515039957,638.3875265687278,370.2324329002462,1050.6891037551925,738.6312154009936,270.2345429162608,649.168032657729,367.2737745753015,813.7960200790019
2017-10-07,276.22338038495167,797.7546375394887,472.11503068758304,298.2973858153204,232.03037130927302,763.767357784128,780.7194336972198,1024.953244201415,678.5276570295189,956.646179818788,911.301291909381,914.6888912172243,1091.9485766595244,801.2052745811787,1183.4675713241254,335.6908610293557,429.0655658515387,1149.5251653156158,569.9534815697251,641.6855518854994,521.2692189327794,1053.5228827818091,387.30290433196546,889.3235967702792,1048.1337729793122,621.4522307933826,291.9088774244901,1175.4281500801123,931.0847420169952,533.2031491673611,793.9553428680842,581.1477957761505,927.7726063107073,351.40542599154804,871.5012232561932,1008.2393669091465,389.111029433075,1055.111152626599,581.7542160762459,395.194537518665,282.3492135966697,497.6750146467268,688.6758723621108,399.32725525816704,1115.2900913627395,778.081054640195,285.8631593909317,682.1588334084292,391.47539186609345,867.7828255856862
2017-10-08,290.84950094274234,838.5972683923911,498.85083143040504,309.2879923342308,251.2292484889349,832.4481417145199,817.9078676937786,1087.922866414953,719.8012057306616,1027.8035738469405,949.6806567355407,950.0613167949032,1203.0546041615448,859.8103770699995,1228.3189054221325,359.03392409980273,450.53651512946493,1221.3491160272943,593.359481013486,674.5635737504764,575.6039008644545,1133.6597984631576,407.4707732225547,951.3541287514164,1125.5982893389491,655.662889801341,307.14626803206943,1257.7111004179444,975.5953359118058,581.4956912545867,846.5145658092324,624.9065556614354,964.5617292409429,370.0689280814465,925.4202375862276,1106.1002976318232,412.3110540202166,1142.752614082508,613.3961929371768,419.2941916188761,302.9770077282767,521.4205663308551,737.0505396950379,415.13285267290627,1168.7657383799342,828.622053499371,302.9095332530635,726.0351082860186,419.3006532385127,908.2620842155417
2017-10-09,199.13695043880566,538.3542131390707,330.06542286800004,215.83154213863455,163.61290636017281,552.9179261195403,529.2416741207604,717.8295091737145,471.4767106883615,663.4356068051396,629.4788247162388,623.4132713822502,785.0531047039036,563.4818362933639,808.0154534389811,236.67208261513048,295.92691920546207,808.4307312369313,396.0735841810743,435.7792024254898,357.87735805709036,731.6641849896173,277.03327070813066,634.2222024640148,722.4846924453713,433.4102747760285,202.11793182085805,817.4597574900185,652.6800975478913,371.04427040254524,549.5509886903054,391.85130624480956,633.6394387629642,254.1008058019391,610.9457148591603,719.2282293476927,266.2693812955773,764.7819291275638,405.6119372939234,273.75276230470797,198.57971206111588,351.8461103380957,477.80505638004564,279.152722447849,781.8470351244409,534.1989819245612,202.7621506154218,486.80141821958034,269.7319655969454,609.9611480348387
2017-10-10,229.2879361074924,645.0927319719679,385.85821956421506,243.3363593857333,192.82682660662522,643.5030430565973,629.8264996666621,826.2447020038468,537.9455223576767,776.6296686790788,716.864511196372,735.5096134824805,927.1017401427608,657.2620519046765,953.0000099227002,266.7718129638986,348.8783811195617,930.359859773326,459.72694585205124,514.4333220690118,422.0854487931773,864.5039976858546,323.1307015498475,732.1076986767184,862.4998917377956,497.814237841174,237.0963410669463,956.4494458739595,756.1425998744472,439.87701404331165,628.3603877310009,471.4658447580886,743.8344202151017,293.2340598192415,709.7073486409754,846.2797897800168,320.7913082015792,879.5616657057858,467.01288051321643,313.01934833714984,235.1954089813841,393.92173426701726,555.5376330519553,321.95773948296954,901.4959643450799,649.7288016423594,235.6931970900608,554.0022218779394,310.2526122179908,689.763617268832
2017-10-11,232.25255694939995,655.5013996087592,382.5565681890079,247.2311559817759,193.38072685930416,645.1701105234926,631.6152130190329,849.6989697951776,550.09185232812,785.591855418346,741.261735161393,723.6766325566186,906.8642865553262,658.0645888219378,949.8319592050563,277.41219158092673,346.45040379635356,936.1068112073631,462.76542716573374,515.8166498263274,432.46132929080295,861.8442595778052,325.89421695161764,771.6319938238641,871.0159020856685,492.7421650423933,237.9942281812787,964.3330508508254,748.7249011782786,448.80490600689785,645.0816770977276,483.27758721402427,757.3025081448285,287.2099856648219,714.9499027864597,853.5373920200644,311.0489266904128,881.225042786145,481.1409953564894,308.18399195073033,234.8860059724168,423.33682240620084,573.4525212670068,328.6376251843418,903.4319129237005,636.5837179454443,236.4156793076005,559.4613419281596,317.31062507047363,712.9756789095039
2017-10-12,242.93097960621472,692.2574806220352,407.92928692142095,260.04374470859455,206.37943905462262,678.9415618705102,677.1035062853501,900.8725889321129,578.3265354998881,837.2327845709382,802.3672172153508,797.1822300760623,975.763559544255,704.244198866061,1008.9667327723604,295.17989778715736,378.323750565998,1021.8959287328452,494.7492847772117,557.8708839717962,464.9364013466459,942.3070953625281,348.30719276270503,787.4049852982126,919.4046759567901,535.4673401764452,256.528248169408,1008.6587386639153,825.9740345975646,468.76123543739703,692.4362669065839,506.72772209665254,803.3371840866769,307.2837401625178,769.3523143284947,922.3029250618504,353.18263992504956,922.8258764506209,515.9094999029262,343.3146645481661,249.8240014533909,436.1007002514655,607.1084147432497,345.5271008574196,977.7512918160226,683.4170943993109,253.805473833003,601.2794113477655,343.7807359347875,762.5659725578124
2017-10-13,261.55195177209464,729.4786792035118,437.9587045201034,277.9541835406603,222.19518732628993,720.0340420459554,709.1752512489466,952.3753708313106,616.3939073403782,915.6385983744634,857.6259684117562,844.3031613916377,1041.7667033375906,757.2375623961918,1076.5972954275808,305.8970606373307,395.8051797064227,1074.5343828468483,527.6357566314558,593.6294858512429,506.49116792779137,990.7497957570105,368.50310554139213,841.6325873514725,989.4739243298848,571.0508327507578,274.5015648138178,1086.8246406792564,856.2559936940021,513.0387228800922,732.8134279245488,538.30022675861,869.2095054769528,328.24885249061225,810.6425360551528,951.465357680329,366.4777092515293,988.5498069914969,547.6200297066057,361.1978404544445,271.8130659161298,467.5495656256667,637.7588035795783,369.78487486577586,1049.3005808571195,737.2454141642438,270.3970675600725,647.6380442234567,366.54110422669777,812.8747655063025
2017-10-14,276.7410053874431,795.0519069260848,470.557108685191,297.67957051662665,232.19087888088097,762.5241735911212,777.1945361879863,1022.4498607337359,676.9943081665468,954.0709482333979,908.5171751830492,910.7860420486917,1089.3218241479574,800.573641451235,1182.4035377758653,335.40373601500545,426.1439430511517,1151.231008728698,571.9630122085406,641.7415539844949,520.175229199044,1052.1703715685164,390.75945075291025,888.8657090524604,1044.0331735428717,619.5169892941575,291.12751728404544,1173.7035415718765,929.3919746190559,532.1436093503437,787.2505081227915,578.4313562738106,925.0742087779525,351.3076834108341,869.4650659960641,1006.4379143546801,388.5738331474345,1050.3006867047889,580.6617618757034,395.37269420851374,282.95957636511815,497.2724409656084,688.4605253428839,398.88177263690807,1112.5755404343292,776.1233627819429,286.7298572272752,681.5539409228512,391.2223710993043,866.453809467481
2017-10-15,290.5106341928135,837.313817676295,497.93451045851475,311.7776763674668,247.81676093435973,830.5455382148019,813.4187238911991,1087.0093316282482,718.853408552931,1024.4334107711531,947.6722910201946,947.6319917874105,1202.6101658893324,858.2400082871484,1226.5604840973328,356.74950087824806,448.9533199774532,1222.1088856029903,593.567779573257,672.8153685622427,574.654663172583,1135.6979463635798,410.79022315244106,950.2683715716306,1121.6169474088806,654.4484229201314,306.8118202230554,1256.4581864990548,972.0074894339507,580.1463135498198,843.1396697464982,623.8126865271591,962.0616729366277,368.64835983870995,922.7635000911833,1104.7874450916952,411.2452131388177,1140.7020671057646,612.2397490856939,419.09437015032995,303.4105228313837,520.684480703147,735.4843210119205,414.92466033977854,1163.5842084425294,826.9993753658712,303.77848360069584,725.2746372833766,418.5977277568109,906.7524859398793
2017-10-16,198.2829696016372,537.2365396010516,329.9260118197851,213.8939020509402,162.66809319802906,552.1415390812338,528.1892570214028,716.6883153195934,470.14009663105657,661.1982976745677,628.3886430750154,621.0522869963214,779.9580986767479,563.5529564914244,806.3605140277754,234.52776044314564,294.32830091708115,808.1401330858203,396.172013331679,434.6678164052885,356.7996673066911,727.8392131953931,277.81764140746117,633.1682081894907,719.7171075711117,431.70104531977,202.28687734663652,816.3917083218432,649.4849531130026,370.1399746375089,547.570276222927,390.52070492027246,631.7254153792778,253.43781868878534,609.8840141305602,717.9212373526764,265.19460135424407,763.5299263238905,404.90884058350076,273.8220978216205,198.84473599139938,351.5472785239771,476.1186202178871,278.82265854959746,781.6044073652337,533.0791438555361,203.51671259713996,486.04688696600635,269.494666510297,608.946957115343
2017-10-17,229.66718337864822,644.0258260051188,383.23733853440535,243.88033392266627,192.35115430732063,642.4267630027603,629.6713197212375,827.3350914891852,536.6493483745795,774.4131598603918,715.3577130074749,733.2159783861887,922.2279123143413,655.9628054288138,951.4792561019341,270.42953744866935,347.14979525985166,930.5666665140748,460.12146001549803,513.21882122634,420.92662587808803,867.230099498515,322.8367600331164,731.3649834944109,859.9017504687885,497.16937276054773,237.70351552297717,954.9284371564983,754.4204691815683,438.7722839423421,624.18664396015,471.2027580563945,742.2722248880581,291.8258415812701,708.0192002922938,844.9410292057489,319.2059207616755,877.7842447098812,465.71099221452295,312.80042757305046,235.62268445498378,393.5066708654788,553.6050074575714,321.50611019392477,901.7723653367005,648.1893895954264,235.67426511433632,553.2789381298389,309.99803005387173,688.5937586533684
2017-10-18,231.27423846877014,654.2119840679725,383.1595257355937,245.2427520232119,193.44003939010054,643.9944930863021,628.1089021272799,849.1121289300089,549.0363201417608,783.4799180872275,740.0888028110459,721.455856607649,908.5924066183907,657.266713831619,948.7387141955586,275.77801734640707,345.2864526551032,936.634658658977,462.47004804794364,513.6769178556367,432.0162727429272,862.4890662131546,325.5032337644011,771.285970899432,869.7056913749713,491.25044000791377,238.34550360151349,962.7142100983675,748.186019655342,447.9746265416691,642.7962429062486,481.44133201971556,755.666209524071,287.5675758617114,714.0711613274816,852.3445216430893,310.6097356832498,881.0756237429053,480.20211631268893,307.8750916654831,233.06406210481694,423.4331602847336,572.6129743130926,328.5431386195459,901.5061302916262,635.2524804553526,235.79345127265464,558.7433176443003,316.80167669420115,712.1741909453705
2017-10-19,243.33831101264107,691.2567543337784,408.8873560230714,260.3954608629863,207.0665404421515,677.9538351890974,676.1605142040253,899.2812443399624,577.2716753416806,834.5451861287547,801.623333641877,795.0195047593288,972.7304806590586,703.8915394106348,1007.7460127908537,293.748178640272,377.03604023018835,1022.6703939099198,495.0220562417948,556.896487130409,463.8031622988497,940.0581568151639,347.1685775265474,786.6289439683593,916.4192636102374,534.1512973308942,256.20425638581804,1006.9551012863686,824.4668017570576,467.9641090035334,690.9773365064698,505.63696252179443,802.2350890805357,307.44083482770765,767.3349506537406,921.0975975171328,352.61843067648465,921.260767708605,515.1262936200516,342.9918652709327,250.4863071991145,436.00722858707223,605.8439257829002,344.8714172219598,974.4352813090331,681.8570144828083,254.0564370493833,600.5775329361242,343.0311911777381,761.2566776103711
2017-10-20,261.09713882363275,728.4370347379656,440.27221883166436,278.2877841572203,222.560961379749,718.5793645066752,706.0525458496788,951.138310231998,615.301155460817,913.093350690737,856.4018464991727,842.1977108360577,1044.1955801310528,757.520552589628,1075.2127569745494,307.8591460197618,394.1605493563646,1074.0914430224143,528.0624515855975,592.6989959061127,505.0889971200437,984.9047818613145,367.93278360933743,840.9978405098251,986.4022527982896,570.6813226617885,274.9269874915794,1086.3721788099576,853.9077924098011,512.7831784002691,732.4465715325937,536.6139740416637,867.9799288422963,326.2488488870941,808.8921386389503,949.9567731580487,365.27443989023993,986.3901295753096,546.6219835078452,361.19876430579393,272.46573915905685,467.15939223215395,636.9021983167961,369.4134258406722,1051.5945105885369,735.8723880471165,269.40510788854465,646.9847330234758,366.1019541248235,812.103013531145
2017-10-21,277.2063178641207,794.1764901366513,469.8741214645146,295.6980333048179,233.16783367934823,761.4259026332272,775.7341606489206,1019.706943823262,676.046989561793,951.7425356270214,907.1110724318432,908.7431597715257,1083.9143753244484,800.3090079746726,1180.8114167385545,334.96241421992977,425.01636875299107,1150.4860970204804,571.3009569559512,640.6914981876749,518.1598862819303,1049.8407272510042,390.8484914489972,888.2704685216069,1041.0175446791056,619.2372718655495,290.79259037092413,1172.3690942347876,927.6110386978543,530.7854582099018,786.0596110234641,576.790597831683,923.338474224626,350.0822170308068,867.606330832666,1005.2945659235871,387.6764791177949,1046.2938140161552,579.7177808327901,395.0149099917762,283.5082600764629,497.03112250543904,687.8320087826089,398.57342029216045,1112.0049112628099,775.1005034157336,287.4182196805546,680.8981204272883,390.7694775585556,865.5681475112617
2017-10-22,290.39127194885657,836.3743479609187,498.3953021175511,311.2862516829814,247.8391555726844,829.4724035755277,811.594132733303,1085.177288780424,717.8526943150749,1022.190271902273,946.512328862912,945.6435677923444,1200.0762233909306,858.0285686746137,1225.1836930288334,356.5211394581866,447.62673699060946,1221.7201965185905,593.4771611349958,671.7587427886931,573.300421255995,1133.3464460164791,410.9595417287812,949.6923829807694,1118.9321242732815,653.8151608545747,306.80048923269374,1255.3515395091492,970.3390765537288,579.2663950962562,841.8902869359774,622.3792704229771,960.668935397076,367.5553033224891,921.1812452406015,1103.5865329028827,410.4063884108119,1138.09544052877,611.3667818188082,418.8788278516615,303.67594492541883,520.445101047257,734.6796369838762,414.5626382414852,1163.665062510106,825.7951449108531,304.03370361375534,724.6409010040861,418.12792362612265,905.832548535524
2017-10-23,198.15513317452573,536.3124764345063,330.21280046796426,213.2931292448105,162.85752835655424,550.9734635468049,526.4226087279274,714.8166508068356,469.182396006826,658.948994516789,627.1588680570151,619.1224647210732,777.2640939687407,563.2814098359107,805.0178687260952,234.49291667812417,293.02288311069094,807.872767050698,396.084919983523,433.6129821723056,355.4525937362878,725.2024835454258,277.5814632324077,632.6041344149442,716.9955678705365,431.0501600398105,202.33039468369492,815.3126552752542,647.8219130881178,369.2700857197859,546.3373719871811,389.12004287452083,630.3159076092437,252.51181153224528,608.2012391603488,716.754234201629,264.37368534207553,760.8078692593016,404.0144725590689,273.62079076813916,199.0962544885292,351.31520239387453,475.34304720008856,278.4752456389025,780.9759309024449,531.8457898266787,203.60021001602846,485.4309563343636,269.0522060407196,608.0871412292929
2017-10-24,229.652744530626,643.1237933820047,383.55938350028384,243.35873588701344,192.4140838749079,641.324085626563,627.8624729717224,825.5035030485525,535.7118229919606,772.2236035748759,714.2071890009582,731.3355649557894,919.6104831588123,655.7281894540627,950.1685912737017,270.53575221625886,345.8779430426162,930.2567971948981,460.0109300372233,512.1669141213841,419.596442371967,864.7250378043277,322.5962400960541,730.7849789655739,857.3186090173197,496.53020232894085,237.79147977011323,953.908745962849,752.7286083575161,437.9224318135305,622.8526775135068,469.7513877642822,740.8819081981177,290.7387449510102,706.4359494900963,843.8041555096117,318.46990860166403,875.2282431508377,464.900380417912,312.5909873957867,235.91508626438142,393.28332646897366,552.8667866825832,321.17214046393644,901.2902864230863,647.0312980645094,235.57708291200458,552.679749450003,309.57181546825404,687.7352054423343
2017-10-25,231.1057955177711,653.3486423432297,383.7827290148295,244.69549952535687,193.5376831003835,642.926878645615,626.4024845172798,847.3496945868316,548.107354402698,781.3329557220496,738.9550122181965,719.638509703534,905.6222909769702,657.0475783616477,947.4350951782345,275.8993408716957,343.9913493178628,936.2884610590207,462.41332184627714,512.6278957729189,430.7399205963697,859.9760288952572,325.1988064237642,770.6824709652716,867.035107948977,490.64837228909647,238.41125815627106,961.7314893684818,746.507902310533,447.1226928125738,641.4132020923863,480.1190190200332,754.3082325678722,286.7984802149075,712.4558520165573,851.2366717951405,309.7414447635725,878.4508368434078,479.382415230209,307.66667134059253,233.32783750643696,423.21899051222755,571.8321077420366,328.19470710753257,901.1878538220309,634.0926108273192,235.7370258562704,558.1609746043679,316.3657449055664,711.3588622012489
2017-10-26,243.31497748971123,690.3991158731682,409.39473368852344,259.8338417712011,207.07950669894245,676.9062600837789,674.5002977114979,897.6239590731651,576.3634285973887,832.4944525664363,800.4783319629779,793.2485357506821,970.5927558016404,703.669938746535,1006.4963765501487,293.42536267709306,375.7714430639947,1022.3141536413566,494.92919524312214,555.8837444955356,462.5230304020418,937.4445089566235,346.75460262663506,786.0850579141267,913.9555274146318,533.5705642139382,256.194279772666,1006.019159396516,822.8600498232997,467.14198871758845,689.670474469542,504.27543181626834,800.8935181158836,306.64929565577836,765.8901689304862,920.0199721033839,351.78375944627874,918.7744206073123,514.3161296430891,342.784338129456,250.74094905351893,435.8014290208573,605.1073272097179,344.5651797292916,974.331276985408,680.7499485479655,254.19690371976859,600.011323062762,342.58926181570246,760.4392272243897
2017-10-27,261.06992157338595,727.6053585387023,440.9890580701444,277.8184194907795,222.6620043864863,717.5994126956763,704.3558745210457,949.555831772265,614.4161745111121,911.0814019537546,855.3621636597937,840.4833012537762,1041.6677607238519,757.286033184397,1074.0147377826993,307.80424302881937,392.94324430136226,1073.8771570552296,527.9512722208314,591.7435826156519,503.811531246702,982.3877994202567,367.6988060599334,840.4564714784757,984.0112515871382,570.0522951444827,274.9994467275175,1085.394918553369,852.3510846080893,511.9571211872689,731.522545755982,535.3893226036155,866.6878890257742,325.11301642589046,807.4389518630852,948.9150319222069,364.53821284029067,984.1063319176124,545.8544104595513,361.0078799597928,272.73592575059223,466.94125763049976,636.1545663727148,369.0960275521438,1050.8347978803333,734.76435353417,269.3522046198381,646.4334725592097,365.6827126837742,811.3271456094433
2017-10-28,277.29219401131274,793.3570676773259,470.180206945658,294.96009359402655,233.33644366168124,760.4348839870852,774.1405890239951,1018.2166765115478,675.1728913130631,949.7771128194827,906.1306873049251,907.0835591246513,1082.0550143245864,800.0820719340816,1179.667639599216,334.9609617944208,423.7782074079775,1150.306248377708,571.2802596942378,639.6659728684191,516.9128244313268,1047.473460545258,390.9991391115313,887.7342306628341,1038.7698627641405,618.6320163857112,290.78439981125166,1171.474577172116,926.0910315672238,529.9939107806385,785.320947530523,575.6062712656578,922.1297150833142,349.1288015226934,866.2073254710973,1004.2753815030338,386.920845763712,1044.3619637969323,578.9670391487113,394.8134848542859,283.80209204013875,496.8279779709064,687.0830422537044,398.2603402233023,1111.62237601538,774.0042612137232,287.5655292721155,680.3625158269164,390.35081869882185,864.817125908478
2017-10-29,290.37518663231646,835.5811811857004,498.90892091873286,310.9542291371033,247.74898907908545,828.5154768676325,810.1053543316515,1083.627630485645,717.0026615673444,1020.2862841731369,945.5391675918258,944.0273990481271,1197.7142651099402,857.8263755766012,1224.0604485516803,356.30929479469137,446.4252226476075,1221.5168355701123,593.4132838120968,670.8163019308394,572.0662407364614,1130.7173732878305,411.10759826327023,949.1754447343568,1116.7271117941284,653.2389873342497,306.8196671073183,1254.4738919779215,968.9040285675811,578.4856047539103,840.941215680795,621.1628841410395,959.4759248211387,366.5581711029206,919.8170954230244,1102.5922448791882,409.6555779218335,1135.9777621928017,610.6345184941943,418.68616894240614,303.9490614690861,520.2509396224123,733.9920286420878,414.25498522215656,1163.3968203291056,824.7352825383831,304.1428531336155,724.1199692136947,417.72259638632323,905.1037751159279
2017-10-30,198.10942437202382,535.539971635565,330.78423453139146,212.54871399162147,162.92887250882993,550.0290051995418,524.7943389113663,713.3216795125546,468.3470016906561,657.0774194855929,626.2096618458407,617.5524859866158,775.5072242627474,563.0529125508713,803.9281634758838,234.31280749116905,291.83910028930376,807.6558141656722,396.0206449947656,432.66415654561854,354.2430503253601,723.2192794217531,277.50051667859714,632.0996929031231,714.8083912875926,430.47258601081813,202.36030804387855,814.4616187297022,646.4128884362805,368.49411746874165,545.3151111922414,387.93540399971425,629.1492091856521,251.5801900723876,606.850113649206,715.7866762159695,263.6359953798059,758.7284932170766,403.29873166039926,273.4286399824492,199.3579742705166,351.1200910438034,474.67568175827057,278.1746964189554,780.4728159146871,530.8052865437835,203.68546040836304,484.92437553407336,268.64811152704914,607.3710185645546
2017-10-31,229.68607184431855,642.3709817423265,383.8466740519048,242.8557255299176,192.51025547402844,640.4045412234234,626.2280688651656,823.9651270898087,534.8942051861775,770.3987621872686,713.2922044538873,729.8108885448331,917.8973202684983,655.533574351515,949.1117640354043,271.0286758663032,344.7102868342767,930.0560099105512,459.9534125770811,511.2383971254133,418.40984048111505,862.1638662025365,322.4324232398505,730.2912011140199,855.1804399392144,495.9904866486843,237.83049386328358,953.0903869609878,751.316698761177,437.1627159914015,622.0165972514246,468.5654297188068,739.7429615220868,289.7604925312872,705.1283202793043,842.8629796050693,317.7347696633941,873.2236970295002,464.2077420053642,312.40494863990756,236.18352389036292,393.0942507136813,552.2220836335555,320.8786109827012,900.7557678449515,646.0204494476184,235.58832234508338,552.1871368696983,309.17535204438803,687.0406141633559
2017-11-01,231.04911180263574,652.6139330368356,384.46419825298943,243.96172186277315,193.66778960277514,642.030309655815,624.9719626644959,845.9132186178475,547.3087997855508,779.5528680908794,738.0655015793953,718.1569358098711,903.3075353622665,656.8480986120185,946.4135819609843,275.7892409917871,342.8468253704671,936.1008225056524,462.344749762919,511.7494034730264,429.55432628853555,857.6801540483154,325.0237434158296,770.1985328118486,864.9113849109588,490.09797896981047,238.44480333452736,960.9411302532723,745.0985016884762,446.3707023788265,640.468347919672,478.99639984422464,753.2032232859964,285.95316571715614,711.170596055188,850.3196815063793,309.04233540005157,876.4375272188528,478.70565839589887,307.48469258214914,233.48203156968555,423.02782151175956,571.1788311681502,327.90357104783334,900.7957441794243,633.103854001425,235.70646606589708,557.6819326203636,315.9796315022314,710.6776228137896
2017-11-02,243.34875731373992,689.6840775433741,410.09398671245333,259.3211890062049,207.24588153247623,676.0284816663842,672.9729960451408,896.2610705418379,575.581607485466,830.7670115591192,799.613590277992,791.8097382205042,968.7686430216943,703.4671046587566,1005.5028021783381,293.29968627413393,374.6426646293195,1022.1370989894729,494.8719864571151,554.9781742713668,461.37611263657436,935.4943877647996,346.5138551538969,785.6150791631145,911.9505859351037,533.0351194239458,256.21269331005976,1005.25538646438,821.5086277749651,466.4014073000106,688.6903833053558,503.15902979401045,799.8111276859121,305.7999222970552,764.6523278592246,919.1277984942982,351.0945940642537,916.877257212175,513.6562479216533,342.60556188629766,251.0145637116571,435.6170324871579,604.480131034152,344.2848674998651,974.0238200167996,679.7874236187484,254.24877569098706,599.5454831658737,342.21324779000037,759.7841993087548
2017-11-03,261.05517993552235,726.9081991537776,441.86004203704135,277.31654590621,222.80919642412542,716.7473929878704,702.9770745168696,948.2155420208319,613.6503943755284,909.395899410369,854.5279924925336,839.0853811920613,1039.3664034408955,757.0759914240833,1073.0479960442408,308.08778698132477,391.82759084489385,1073.6822668266927,527.898341465475,590.8512144340007,502.6916634181995,980.8438308306281,367.51845832329576,839.9970749350787,982.0651773494437,569.5509818255207,275.03402852651055,1084.6429003051626,851.0542098433607,511.2190066200423,730.4821268158499,534.3065331471422,865.637657361173,324.1251094212468,806.2308433262136,948.0493731273842,363.8484621287947,982.279001694355,545.2136142751459,360.8288523837893,273.00704699052403,466.76476984427757,635.5341289039895,368.8185993809078,1050.2421812735308,733.8230969697777,269.29382580171796,645.9804873549078,365.3095094442002,810.6817095360997
2017-11-04,277.3390272044839,792.6781604087719,470.65340471788306,294.2290569935938,233.52348036159685,759.5997665476657,772.7070296638636,1016.9674525041712,674.4243621404185,948.1309741739021,905.3244278593901,905.7253314840657,1080.5947672957004,799.8888690948925,1178.7263813369468,334.97422563690355,422.68444211019664,1150.1115830572978,571.2088431768163,638.7947041299332,515.8287010911677,1045.6400193258917,390.9029028789103,887.2860477892386,1036.8707309349645,618.1430581735575,290.8022802212559,1170.756345593277,924.8101421224643,529.2875018238793,784.3608919290604,574.5440142053169,921.11596344674,348.2084667575784,865.0316851475245,1003.4301393957971,386.2490656914889,1042.6493523993183,578.3429556661791,394.6410842686603,284.06636992145,496.65377973067154,686.4731402721039,397.9876817770719,1111.1933136149858,773.0791358531934,287.65028415662266,679.9220060328016,389.9844309888022,864.1910953818405
2017-11-05,290.3798797944182,834.9191559495753,499.5299076162413,310.39714850338726,247.86587072295623,827.6993106346378,808.7198031510462,1082.3844550396927,716.269340916354,1018.6800152199417,944.7565522149434,942.7083190603441,1196.0681609397757,857.6368147660432,1223.1486286992392,356.3281647065201,445.3456206672482,1221.3343728449834,593.3533996226009,669.9591170418321,570.9834963736195,1128.9506378388862,411.018846680457,948.7376932292684,1114.8681346934316,652.7509709022554,306.8438598557772,1253.7767760124887,967.6488588033878,577.7821880620554,840.0129312364062,620.1204355962976,958.48566236278,365.6480669309869,918.6667218813935,1101.7703259589289,408.99709159733754,1134.2709508929704,610.0263795011649,418.515253706806,304.19623684905076,520.0807784836275,733.3998565075187,413.9882785012113,1162.9287304075585,823.8350066067886,304.1916135604728,723.6916032787431,417.3631738699534,904.4953454603543
2017-11-06,198.11076667446406,534.894712251744,331.3854068643461,211.9557173593624,163.060067930728,549.234444230943,523.4451739210676,712.1139327464166,467.62943881170577,655.512378649778,625.4536724427343,616.2711810998694,773.8700231660206,562.8706307495784,803.0429431687766,234.35574925867832,290.7757500550543,807.4815564832109,395.9620723355405,431.82203946490625,353.17881143139465,721.5140505468524,277.3629660194894,631.6725084413196,713.0050462507637,429.9937626747718,202.38576998141133,813.7870420032044,645.1879021782233,367.8021628305544,544.410244930147,386.9134109814776,628.1876649421885,250.69390015212883,605.7328183398974,714.9866554449594,262.98952150293184,757.078420563075,402.7072767348417,273.26042787346375,199.601639747909,350.9537431764878,474.09741215576395,277.91300256714106,780.0866669109175,529.9274818726909,203.71904725293322,484.5078168906688,268.2947109434628,606.7780110586399
2017-11-07,229.70090829262483,641.7420909191301,384.40894171852517,242.293530785376,192.6328662775006,639.6278473299661,624.9138580201972,822.7936300411211,534.1918337847226,768.8723737904476,712.55901958315,728.5662755102313,916.3091005563173,655.3547377802653,948.2523422052186,271.1444745287061,343.6630894616217,929.8859880549572,459.8954969165924,510.41059930093485,417.3635428941723,860.5177178581259,322.2892010385845,729.8746910355732,853.4219972980223,495.521459895996,237.85696773697958,952.4369641616767,750.1232254585958,436.48166423179106,621.1384888559588,467.5678573184041,738.8085756903598,288.8690440462887,704.0375951100573,842.0842913856247,317.1015716010378,871.612299731172,463.6309167476361,312.2396883564572,236.4269999500538,392.9316538942657,551.6570222780122,320.6218416993177,900.3764036083177,645.1614794944576,235.6016611817957,551.7820597864805,308.8281264080187,686.4637448588446
2017-11-08,231.0469062124583,652.001064531755,385.1027254692653,243.3849457244751,193.792415025285,641.2715960719183,623.6754234274626,844.768819732594,546.6211817033688,778.0644534594842,737.3558273639661,716.9479685562306,901.891068842359,656.674089688191,945.5788680092348,275.85457721201885,341.8148405470979,935.9350977517469,462.28919147578694,510.9351713408366,428.524829596441,856.0780013004937,324.8760108706304,769.7925505314615,863.2080607686036,489.639125400821,238.4703612327388,960.3085720754931,743.9344664748885,445.7009138866657,639.6179617667659,478.01363554779107,752.2946317637814,285.10036747272,710.109470139239,849.5617841319248,308.4173957371862,874.8818533598321,478.1445050413154,307.32221891069656,233.71793616455233,422.8688306173022,570.630047349504,327.652096066366,900.4050523268137,632.2654686027183,235.7189638722595,557.2880209102266,315.6388783323387,710.1156206740686
2017-11-09,243.362872573098,689.0866962778399,410.71457915701,258.7649102870902,207.36497018661396,675.287763744313,671.7094727802604,895.1428789664718,574.9085609116961,829.314456777364,798.9271100397835,790.6353903224294,967.261325879236,703.2981241535205,1004.6927188646023,293.3123506710674,373.62633185800024,1021.9759999049444,494.8167042494116,554.177377939533,460.36438010495164,933.9412860128979,346.3536129623279,785.2182983335995,910.2821747986975,532.5858890728754,256.23592001436697,1004.6429006834522,820.3696162426029,465.74205628642767,687.8569123036782,502.1989796910506,798.9284354115288,304.95346732473837,763.6146053871671,918.3900997951243,350.48138552109555,915.355116382821,513.1100606852585,342.44582121825795,251.2515841495146,435.46162999450075,603.9435022306543,344.03766014346354,973.6237003262647,678.9675914497072,254.28304393001474,599.1624289522957,341.8788014685119,759.237664992105
2017-11-10,261.064456976649,726.3259940337242,442.51886266150666,276.7747110336664,222.93212982169527,716.0230594197915,701.7393893721509,947.1263102707302,612.9916394157297,907.9795106454274,853.8617520896406,837.94466393256,1038.0164118478742,756.9122349811381,1072.261828584901,308.16527309338244,390.8268950794935,1073.5291836713775,527.8437933512885,590.0621570051869,501.69730709219607,979.3172950524579,367.3785057703916,839.6100022651269,980.4396975587067,569.1094564035762,275.05929414590184,1084.0514425375904,849.940260137071,510.57067891537946,729.6434767660379,533.3619931588976,864.7790013033741,323.25391025858175,805.2203114048731,947.3312408181816,363.2482341805238,980.7900378567738,544.6814630025293,360.67159638666965,273.24240543022506,466.6131448849403,635.0115805337133,368.5764335345537,1049.923885477777,733.0228769741641,269.3037167144696,645.607991003267,364.98073560970073,810.1491902554341
2017-11-11,277.3601713000759,792.1106939310681,471.2090838923901,293.6501031024496,233.65074732955534,758.8931287598309,771.4962867354606,1015.9023037743314,673.7794773919202,946.7497686811338,904.6785652467377,904.6172830274419,1079.1260962808813,799.7291173006059,1177.963486983074,335.03405839882896,421.6983016265153,1149.9639428909331,571.15737035267,638.0216667842597,514.8506182224296,1044.1561016283983,390.8010999979866,886.9083774421341,1035.284664016441,617.7108467129663,290.8250447706507,1170.1828810812774,923.7224564386548,528.6488362727849,783.5282935744931,573.6181389124364,920.2797616905218,347.36164634483515,864.0462348731094,1002.7312453327493,385.65897520420685,1041.1812060185578,577.8248626193562,394.4866291834799,284.30034724055287,496.50546526882846,685.9639155407633,397.7502217869571,1110.8468259459032,772.2981923886708,287.6875364284157,679.5597770912526,389.66160181626066,863.6726832012131
2017-11-12,290.3913162487029,834.3661115639158,500.12079944378723,309.8738771059374,247.97328282454072,827.0091047469459,807.5307772545797,1081.3524406738918,715.6381650422692,1017.3328163021556,944.1314251138781,941.6320005349479,1194.7306134469366,857.4809501982592,1222.407870654633,356.36381716630285,444.37452642379196,1221.1906092954055,593.3020156864958,669.1964045925504,570.0221182688858,1127.5366232615495,410.91876738507614,948.3690760118961,1113.3248592951277,652.3280127945404,306.86721501165476,1253.2219439529774,966.5851018512107,577.1539192946344,839.2152297034506,619.2149333606196,957.6731197880432,364.8078113204063,917.706447177412,1101.090075352693,408.41753037032555,1132.8574435074322,609.5219666074194,418.3632971338534,304.426336589768,519.9357832939364,732.9016963351054,413.7553775090702,1162.5900845574317,823.0715996666348,304.22263850064746,723.3393584705913,417.04601081064516,903.9906709338861
2017-11-13,198.12011556759916,534.355704197654,331.973684763011,211.39648117822324,163.1770735295171,548.5604308284824,522.2902323014055,711.1084772267453,467.01159913959833,654.1987058020384,624.8481299698503,615.2256857798435,772.5179021795683,562.7195018031445,802.3238663334832,234.39642133217893,289.8192509269902,807.3418579226862,395.9117203973474,431.0726745742128,352.2334118873294,720.0805151879255,277.2423716962352,631.3127726028525,711.5034088064887,429.5791248092738,202.40914487022607,813.2500385529487,644.1488740782568,367.1840893644415,543.6372645139695,386.0259842512925,627.3976194032017,249.8671486824807,604.7969907864796,714.3245432130029,262.4204649227347,755.703179469819,402.2161412589279,273.1110272245862,199.82879358819756,350.81211534546765,473.6112161695178,277.6845800557047,779.7665503692199,529.1817027986662,203.74674525911672,484.16528106263723,267.98326400128246,606.2868210699426
2017-11-14,229.71578201137828,641.2167612229484,384.95365876944396,241.76383857815085,192.7500433700695,638.9696359302612,623.7856319724556,821.8176031963587,533.5870773825832,767.5912076258404,711.9724651347842,727.5507194025616,914.997172167553,655.2070743241952,947.5543157801088,271.2674819412898,342.7209505524927,929.7508264601335,459.84628647353696,509.67340082929115,416.43389079109096,859.1826995260242,322.1629710530722,729.5236203998717,851.9601576176699,495.1159656470541,237.88032379623675,951.9171518243156,749.1090459568458,435.8734185852784,620.3710751533055,466.698809281177,738.0404057435848,288.046863020984,703.1253327070706,841.4398304483796,316.54260939392555,870.2739490148301,463.15270904527796,312.0927448628058,236.65223367920404,392.7932278717563,551.182442623171,320.3978104975187,900.0685356278204,644.4329528257676,235.6218379632993,551.4489653346375,308.52220913933763,685.9855546585717
2017-11-15,231.0550646019619,651.4890617081816,385.6950815749708,242.8376062465168,193.91067935286048,640.6288063395937,622.5633324845955,843.8163935103157,546.0292458435099,776.8149933818664,736.7876944889562,715.9614968776605,900.6733051679565,656.5305512106702,944.9013175482323,275.9038575761335,340.88692621342494,935.8042869180407,462.24077089687427,510.208851605122,427.6112453868849,854.7587301751499,324.74980630486783,769.4499366538228,861.7856643175195,489.2413802464753,238.49336047166926,959.8054314875957,742.9444688282834,445.10248109083847,638.8768663408988,477.16128961101214,751.5476370562714,284.2965644479463,709.2203483741656,848.9345159923355,307.86905542961506,873.5816887723744,477.67888979774835,307.1777110717471,233.93507686167285,422.73363540474696,570.1674401360557,327.43240707509403,900.0996244113935,631.5537587051142,235.73573886793054,556.9641075940451,315.338359814016,709.6501919392432
2017-11-16,243.37745655182928,688.5876902821569,411.30032071928207,258.24435396556095,207.484254482948,674.6600658636437,670.6276257795539,894.21440906906,574.3291576524239,828.0958135301663,798.3767925785426,789.6771676115969,966.0490276676081,703.1585632301909,1004.0349671775706,293.3547232911459,372.7123507165459,1021.8493511567992,494.7694657493386,553.4645385678344,459.46557530959694,932.6286363777484,346.22252467618114,784.8839457184137,908.8949639135701,532.1963766989646,256.2583301296,1004.1559074577598,819.40187646884,465.15322025559374,687.1366115422487,501.3641079680352,798.2021795998036,304.15748566555993,762.7478631893634,917.7795557937752,349.9429353601662,914.0879853547752,512.6567047143197,342.30371677621076,251.4724438659815,435.3294796855978,603.4918599863295,343.8221642617617,973.3239701175613,678.2723406239336,254.30770496806335,598.8474437133135,341.5835857487724,758.7844642576681
2017-11-17,261.07576854234566,725.8396498653261,443.1225219826128,276.2609550317214,223.04918411143433,715.4100528227355,700.6749867253625,946.2228518704858,612.4245003587218,906.7910319894644,853.3287298858826,837.0138831998784,1036.883635185893,756.7766195121544,1071.6232938495093,308.25922768010764,389.9266116566061,1073.405995624449,527.7975910213248,589.3611482935595,500.813329439524,978.0050146947261,367.2550115895929,839.2837070587987,979.088578279781,568.7284988040641,275.08186312736956,1083.5802003284753,848.9942968490476,509.9914337958003,728.9457472309665,532.5438627629999,864.0727840663917,322.45545522856304,804.3754451050999,946.7369565315897,362.7192762464396,979.5570503430085,544.2400396280815,360.5318891506704,273.4609155844564,466.4839554383738,634.5710192679887,368.3651092213164,1049.644750698879,732.3436726645782,269.3177878500718,645.3016877635532,364.6908182038177,809.7081311691886
2017-11-18,277.37588987226377,791.6366935997717,471.74866395836256,293.1169918630379,233.76937320934385,758.2944994141405,770.4591066629603,1015.0207862218824,673.22435641279,945.590735582649,904.1622730813452,903.7131583797633,1077.9612183685038,799.5968731914971,1177.343600036104,335.0950596575377,420.8116085604282,1149.844470319633,571.1117574255679,637.331920779134,513.9809802723223,1042.9103252468938,390.68848434154046,886.5899398764334,1033.9692761087335,617.3377382312902,290.84699481721225,1169.726681152173,922.7987118007793,528.0785125978276,782.8424128980079,572.8165578289861,919.5929813432095,346.576454298153,863.2227079159868,1002.1528296541638,385.1397278674274,1039.9802161745536,577.3950597402603,394.3492103612769,284.5163266139386,496.37923644314685,685.5340848720222,397.5429745728287,1110.5695169026126,771.6347527675316,287.7145324270747,679.2619165349864,389.3768386113647,863.2432890250376
2017-11-19,290.40366982490036,833.904138188878,500.67539593347556,309.3656818646955,248.08572500542056,826.4245269132414,806.5152440294064,1080.4949365174411,715.0947928904651,1016.2024866144754,943.6313276358345,940.7537669238744,1193.6140083034688,857.3522551707388,1221.8061428619887,356.4227806902675,443.5011376224021,1221.0749751602007,593.257531500427,668.5180725116958,569.1674803026776,1126.3207488742246,410.80808174364506,948.0583181560727,1112.0442262210424,651.9623106650407,306.8890887344481,1252.780408410922,965.6828548081057,576.5928754148608,838.543782040517,618.4294492094344,957.0053650418313,364.0309507224646,916.9038015343721,1100.5270772336964,407.9077284624677,1131.6896064537148,609.1034826363787,418.2281791321282,304.6392212974087,519.8124252455865,732.482231752637,413.55211623092737,1162.3239824438997,822.4234746243716,304.2462021316773,723.0497078967554,416.7663033651022,903.5726533016806
2017-11-20,198.13197109336843,533.9054538333365,332.51970236757796,210.88680747963375,163.28963735988015,547.9895178486723,521.2958594643746,710.2735149570182,466.4797350236994,653.0963196564396,624.363692820857,614.372602441339,771.4446584287377,562.5941572792271,801.7397424188858,234.45795349025778,288.9589920039282,807.2298764065553,395.8681569888616,430.40546905643737,351.3930663281745,718.8969272037295,277.1274065171314,631.0095030719972,710.2559295507685,429.2208855945259,202.43083290496642,812.8226769724772,643.2674377072155,366.63202151839386,542.980639916293,385.2563580754585,626.7482829350575,249.09998785896153,604.0145396014883,713.7765584560201,261.91991369284614,754.566471268476,401.80866655068496,272.978159664538,200.0393065284473,350.69156524186894,473.20190259984093,277.48523703652734,779.5025496013758,528.5485349295404,203.76869187816163,483.8836141771672,267.7085364634299,605.8799083592926
2017-11-21,229.72878345149104,640.7779364964886,385.48389659229855,241.26375536881383,192.86099070076838,638.4121188919169,622.8122873578948,821.0043473104632,533.0664753187644,766.5161046575529,711.5032423293468,726.7220661796301,913.9550741569602,655.0850992260548,946.9872803712626,271.3437556576092,341.87362579769115,929.6423018408155,459.8036112003554,509.0171733828422,415.60760501996833,858.0268266793141,322.04828241258195,729.2276551006184,850.7453999675679,494.7650581397349,237.90182195705356,951.5035198709841,748.2478573830693,435.3301933102909,619.7289905648145,465.94455422065147,737.4089928810837,287.286880288187,702.3626918187731,840.9064586005188,316.05117304323414,869.1683423145142,462.7559730898116,311.96208658878646,236.86059498087312,392.6754209361284,550.7830465373637,320.2023101738765,899.8118397377402,643.8144600515932,235.6414210621375,551.1750620816246,308.2523678576496,685.5894312362358
2017-11-22,231.06637967649934,651.0613729573806,386.23407211235207,242.3393024890554,194.02072718132064,640.0843634136437,621.6118460393785,843.0248289634987,545.5196662171758,775.7664938195766,736.3331846756188,715.1565739900499,899.6412643908499,656.411804549007,944.3508662419723,275.96748838497035,340.05233293617715,935.6991166302575,462.19900180578503,509.56345898673584,426.7988023682358,853.6337566436553,324.6359301745764,769.1610984084323,860.6022511267818,488.897667212786,238.51462044292862,959.4050822084091,742.1031004062729,444.5679446924568,638.2485124750324,476.42243914094615,750.9336689839099,283.5474126185284,708.4769349401431,848.415366947825,307.3864651267614,872.5052798018487,477.2925925461767,307.049226750125,234.14074232399082,422.6185106439416,569.7776067343904,327.2406689332451,899.8520934503083,630.9495580183458,235.75477513625012,556.6977539833002,315.0733116669502,709.2645874936385
2017-11-23,243.39016083423357,688.1708544020194,411.8307038571203,257.7543803607853,207.5929291671338,674.1283818250321,669.6960905214252,893.4439227206766,573.8303683581656,827.0732812439843,797.9365293641064,788.8952956523726,965.065170059788,703.0429535237373,1003.5006232441696,293.41117155368306,371.89030545897,1021.7474400389859,494.72854041764043,552.8297509908232,458.6667174961939,931.5334280656012,346.1084240710553,784.6020734886032,907.7430623406558,531.859703227619,256.27931800695325,1003.7684155612204,818.5800248388649,464.62724640743767,686.5224984266347,500.6400468673997,797.6051516317086,303.4162985159366,762.0233079070839,917.274250768356,349.4691090843738,913.0413274735088,512.2805749459703,342.1773703920838,251.67625281410022,435.2169745215561,603.1114856292918,343.63412851351745,973.0849280739574,677.6821320636069,254.3288812358548,598.5884316526949,341.32324621448254,758.409079415422
2017-11-24,261.08778726982376,725.4333917796496,443.6538043908431,275.7771954040324,223.15699837767488,714.8908499984236,699.7638351858843,945.4726751214648,611.9362731839078,905.7938015880776,852.9022984844935,836.2544019270075,1035.91086259963,756.6640546251047,1071.104586187282,308.32689503074187,389.1169284188034,1073.3073205581693,527.7575027930749,588.7368694621874,500.0278297587129,976.9410504189957,367.1442429110705,839.0086256696857,977.9668751002347,568.3986780264887,275.1026940479689,1083.205128242721,848.1914929846453,509.4738692103728,728.3470755283071,531.8345109870558,863.4922560167741,321.7194578074772,803.6691824459174,946.245127451591,362.2540867355295,978.5391360709831,543.8738162860699,360.4076476285039,273.66255339773267,466.37400670820284,634.199801561422,368.18069281068455,1049.4066388116003,731.7671035155079,269.33602781556,645.0498148964774,364.4351123997913,809.3427167175029
2017-11-25,277.38886537654076,791.2407446736064,472.25467412203295,292.6326515877511,233.8764845185466,757.7874567722281,769.5673707813448,1014.2906571660882,672.7464665646756,944.6181813807094,903.7492289104382,902.9754265807612,1077.041949289903,799.4873079336827,1176.8400719208007,335.1573275438402,420.01409144072,1149.748879871291,571.0725383161941,636.7178207792283,513.2086387070382,1041.8730138446024,390.5826925133205,886.3214867110964,1032.8770448993434,617.014673821204,290.86755328113037,1169.3636674309887,922.0144303635107,527.5692528197959,782.2582163594185,572.1215099398402,919.0285168285365,345.8497819486459,862.5343023554692,1001.6741148234316,384.6829617522977,1038.9909190330484,577.0384772306264,394.2270341577778,284.7158230404008,496.2717912889843,685.1718168685619,397.3621109443458,1110.3410137831922,771.0714975574741,287.73577788764965,679.0169860829174,389.12567808036107,862.887569646065
2017-11-26,290.4156824011853,833.5182370452026,501.181765769371,308.8926452552109,248.19036258075445,825.9293720628691,805.6429615053227,1079.7838303832675,714.6270227440052,1015.254003263678,943.2312358025022,940.037161860307,1192.7102706906503,857.2456028190047,1221.3173441234323,356.4815510047463,442.71561213194536,1220.9823418332521,593.2191017254913,667.9141759819266,568.4080511946366,1125.3077529034247,410.7036862916507,947.7963341937536,1110.980513053966,651.6458672320912,306.90945762812305,1252.4290466340983,964.9167228767486,576.0917629624439,837.9716005740138,617.7483640405637,956.456480171561,363.31208868582956,916.2327828255687,1100.061128093771,407.45924563410136,1130.726339173837,608.756287019839,418.1080371174091,304.8364565262662,519.7074254827864,732.1287515035891,413.3747379887737,1162.1016395345134,821.8732602411773,304.26650295636836,722.8115285045853,416.5196095751749,903.2263721168305
2017-11-27,198.14371166555784,533.529345417811,333.01928008307374,210.41455186050445,163.39388623836254,547.5059731636725,520.4419562497665,709.5811868784077,466.02186953702517,652.171307337198,623.9761563960856,613.6765190531336,770.5718696022876,562.4903235258099,801.265244673294,234.51695631071703,288.18527522264026,807.1401158755813,395.8305204155051,429.81149315554325,350.6463489153603,717.916033086281,277.0221555936428,630.7538322559897,709.2200323092284,428.91090914628137,202.45099868669504,812.4825963475818,642.5190064837163,366.13892915739143,542.4208653488646,384.58900342831095,626.2145609596453,248.38936534463937,603.3604795937226,713.3230345439187,261.4795673732223,753.6293357537877,401.4706118175341,272.86001680989506,200.2343716681299,350.5889536652811,472.8569662314134,277.311276634208,779.2863306344509,528.0110494182122,203.78842670345165,483.65199976429835,267.46622813985414,605.5428137569338
2017-11-28,229.7408293263704,640.4113722993427,385.97123093563033,240.79913450881756,192.96420642180146,637.9399093497042,621.976692702225,820.3301789119931,532.6183050222037,765.6139844999091,711.1278642263857,726.0459167796788,913.1077335028092,654.9840302714166,946.5266652540125,271.41285490241904,341.11154002740545,929.5553372705563,459.76675390070636,508.43298914715206,414.8733855575329,857.0658699794863,321.9436924939464,728.9781455046179,849.7365948783055,494.4614415093724,237.92178575381342,951.1743586433897,747.5167022386046,434.8449962108161,619.1826796576026,465.2906443480042,736.8900142056087,286.58369758381247,701.7251596339611,840.4650286096781,315.6188109026737,868.2565755960918,462.4268175908479,311.84591017913965,237.05356896744235,392.57514433953406,550.4464485524741,320.03170176725575,899.6014434223135,643.2894029657865,235.66021226962494,550.9498316964134,308.01436811419063,685.2612811052637
2017-11-29,231.07778815708912,650.7041107646676,386.7226240851963,241.87731245157522,194.12300062912405,639.6232238932421,620.7946210259367,842.3685052534975,545.0809859438925,774.8866993803921,735.9695844886794,714.4997877230467,898.8150577932148,656.3134127434305,943.9037281060101,276.02655237190874,339.30170423847625,935.6148601711991,462.1629014659111,508.9889441250355,426.0768559169518,852.6998937449854,324.53247264533053,768.91760161747,859.6198325534968,488.60024973095517,238.53437607593335,959.0864895867497,741.388823090684,444.09051405253916,637.7138695305367,475.7817197196027,750.4290272594302,282.85269820696885,707.8555144503724,847.9857082798114,306.9619575367811,871.618178632744,476.9721028351129,306.93498386966604,234.3313243310727,422.5205146058592,569.4491343889295,327.0733477475059,899.6477720778568,630.4366463522925,235.7730926691241,556.4787316616979,314.83954423799065,708.945143104166
2017-11-30,243.40194961520757,687.822658196536,412.3122427414499,257.2995836042879,207.69425219149562,673.6780528219172,668.8961635129629,892.8049382023551,573.4009770144734,826.2152609361656,797.5843382979607,788.2573180077554,964.2642041539995,702.9471688006315,1003.0665668065394,293.4682937159355,371.15096072306653,1021.6658062487886,494.69318910241395,552.264645658692,457.9568662011473,930.6268062115739,346.00561874552477,784.3644439905082,906.7864134020829,531.5683742755751,256.29886177318986,1003.4600520361531,817.8822664736748,464.1574587589986,685.9996006712064,500.0122387295017,797.1144492645255,302.7291343150316,761.4175884928412,916.8560496018355,349.0523019924702,912.1783020403883,511.96852271640086,342.0650287768556,251.8650726557345,435.1212085805039,602.7909553185651,343.4700315280587,972.8863373619884,677.1810816792843,254.34780800632788,598.3754462807843,341.0936358576905,758.0981125367033
2017-12-01,261.0992253246836,725.0940314799053,444.132370412371,275.3275375921745,223.25718905052554,714.4510775581618,698.9814169782464,944.8505192127259,611.5159740517483,904.95701554246,852.5611559262453,835.6346942764708,1035.1306242636117,756.5708065299971,1070.6832286870194,308.39032375994157,388.38869772050543,1073.2282159037354,527.7228828055937,588.1810693770294,499.3298632999136,976.0614729808451,367.0433383289858,838.7767224919755,977.0352749612066,568.1133253565896,275.1220463733327,1082.9066647005116,847.5098716664949,509.0115997582769,727.8354701231852,531.2193515302664,863.0151088469263,321.0389497468315,803.0787713971835,945.8380783936811,361.84483575688006,977.699456681785,543.5699791122519,360.2971753063644,273.84932249682294,466.2804202888108,633.8870148495708,368.01975761873564,1049.2133455116625,731.2776432061318,269.3537365830366,644.8427000767863,364.20958410382326,809.0399989889667
2017-12-02,277.4005335450176,790.9099960708731,472.71779424660815,292.185154453026,233.97580099650725,757.357994603094,768.8015885030483,1013.6849639570958,672.3350672399326,943.8021036380283,903.4187892333678,902.3734657201829,1076.2885783799131,799.3965380134669,1176.4310417353877,335.216008207602,419.29680881803154,1149.6722333205762,571.0386264281221,636.1711889581869,512.5223644417755,1041.013453039672,390.4840654408154,886.0951718715231,1031.9698093487254,616.7351617811437,290.88669707240354,1169.0747872869613,921.3485508058546,527.1143901403359,781.7583942515186,571.5187467166104,918.5645502831287,345.177111311794,861.9588109222965,1001.2779201654281,384.28113815282023,1038.1739544215682,576.7426390631327,394.1184007002438,284.90055373845684,496.1803339762309,684.8665880980935,397.2042766768907,1110.1532142309975,770.5933581984697,287.7545527964377,678.8155800044051,388.9041598511854,862.5928844918046
2017-12-03,290.42697125688267,833.1958815923863,501.6416661171339,308.45226034888583,248.28826544353058,825.509977537796,804.8936920575852,1079.1940897962395,714.2243346431559,1014.4581213726249,942.9111643053261,939.4524395675348,1191.978724758942,857.1572399353156,1220.92028130268,356.53917800784615,442.00911207632157,1220.9080818610407,593.1858937854614,667.3765457948849,567.7332495077634,1124.471129621542,410.60633545578673,947.5754728746979,1110.0970173746625,651.3720691695934,306.9284081461647,1252.1494415295515,964.2662248362973,575.6441797163783,837.4831291240932,617.1577538782446,956.0053299260713,362.64677249748047,915.671833524168,1099.6754986044427,407.06471277143663,1129.9315366891767,608.4682372276346,418.0012114222138,305.0191371786959,519.6180491129817,731.8308983106881,413.2199450037871,1161.918874769038,821.4061789014286,304.2847743160107,722.6156738162459,416.3020302450911,902.9395060723373
2017-12-04,198.1548459328402,533.2151701333673,333.47247011421047,209.9779985146307,163.49085191629516,547.0964111020556,519.7088737863896,709.0069974314531,465.62770827545046,651.3951224206495,623.6661275821472,613.1085416616509,769.8599774468214,562.404306477598,800.8797987853286,234.57437942395762,287.4893959316623,807.0681669310044,395.79799839271186,429.2827219123912,349.9828399481992,717.1011638907194,276.92540135552525,630.5382931157255,708.3596812926733,428.6427133717985,202.46975528754075,812.2119686199677,641.8835408503178,365.698511591059,541.9434257785464,384.01029590102235,625.77587377294,247.73145308152348,602.8137073741959,712.9476884295545,261.0921924648149,752.8560781110842,401.1901454415564,272.7549689072505,200.41506070284302,350.5016108489708,472.56631085722745,277.15946624030835,779.1090157134626,527.5547712816739,203.80636546642637,483.46154345221504,267.2525174440703,605.2635588410825
2017-12-05,229.75195508547623,640.1051696018203,386.4162852390748,240.36791181160336,193.0601141896268,637.5399486047751,621.2594179308252,819.7711457155488,532.2324900241954,764.8570085338871,710.8275624966811,725.4942047595408,912.4166677955461,654.9002939896174,946.1524964154839,271.4723105942537,340.4261218591534,929.4856256901201,459.7349033433886,507.9129290460359,414.22098016343455,856.272912488353,321.8480007757818,728.7678003202068,848.8987641181303,494.1987339631024,237.94035027950392,950.9124199007932,746.8959244904464,434.4116293600633,618.7159962175401,464.72360493988845,736.4634455765507,285.93290802076547,701.1922039142161,840.0996916493235,315.23846477315533,867.504245360165,462.15373480708166,311.742610527738,237.23229944758765,392.48978882608077,550.162816701057,319.8828164950301,899.4290985938155,642.843677317242,235.6777311410157,550.7646249642186,307.8044573553236,684.9894357492499
2017-12-06,231.0886614941948,650.4056783409118,387.1640730294705,241.4502774831716,194.2179089333871,639.2326394655644,620.0927280852236,841.8241995767482,544.7033404685524,774.1484570530192,735.6787049583899,713.963875277447,898.1468382637247,656.2318981959359,943.5405063244992,276.08320404511545,338.6265898356619,935.5473164766798,462.13170925727957,508.47744961839953,425.43536790932404,851.9276432870578,324.43791123635805,768.7123252375688,858.8039541501372,488.34291838365834,238.5527492238156,958.832960935479,740.782392698588,443.66408530123573,637.2577609896763,475.22610233468066,750.0142420768378,282.2092635631119,707.3360275919032,847.6301135699115,306.5885104357493,870.886260942192,476.7062094231941,306.8334033575867,234.50807896670597,422.4371011517598,569.1723597726119,326.9273313143962,899.4800856226768,630.0012296890484,235.79037069086672,556.2986298143236,314.6333659428862,708.6805104216278
2017-12-07,243.41283707959383,687.5317988641541,412.7471622131827,256.8776452212929,207.7881402322537,673.2966250366441,668.2094242041112,892.2749749891725,573.0313280866126,825.495288242138,797.3025853693372,787.7367526781942,963.613409646065,702.8678171420942,1002.7139719113396,293.52346093193546,370.48599528241687,1021.6003631986966,494.6626407359264,551.7615792429028,457.3261133753271,929.8747227230976,345.9120556430202,784.164114190126,905.9918666834815,531.3163089420217,256.317044595494,1003.2146634429237,817.2898464928069,463.7378567844674,685.5537639358411,499.4678227706392,796.711122522888,302.09274441338914,760.9112280650859,916.5099373455514,348.68563044285156,911.4661733123866,511.70962937096124,341.9651387911934,252.03993272090008,435.0396930272709,602.5208683835714,343.3268285010366,972.7232232225773,676.7557351906754,254.36514322205952,598.2003086114177,340.8911236504497,757.8405015426545
2017-12-08,261.1099447602518,724.8105530636429,444.5624097879905,274.91030354840166,223.35009374049778,714.0785914474815,698.3094354243523,944.3345309533406,611.1541523490347,904.2548607431455,852.2882429152774,835.1290365624429,1034.5010878020034,756.493560602743,1070.3409497676034,308.446815253397,387.7337287042173,1073.1648098564513,527.6929652168045,587.6862884773415,498.7096660585003,975.3287900908441,366.95114021838066,838.5812201266879,976.261524887695,567.8664172118423,275.14004367084885,1082.6691551512845,846.9311388519396,508.59871560457856,727.3995677878169,530.6859050887161,862.6229234600587,320.4093023702509,802.5852071819055,945.501195715885,361.48481751548775,977.0065973820846,543.3179014822431,360.1989476830445,274.02228198560704,466.2007595002455,633.6234561550766,367.87931393062325,1049.055175645524,730.8621343456142,269.3705901317816,644.67238975694,364.0106726561428,808.7892229488618
2017-12-09,277.4112312220412,790.6337112699968,473.13849980465113,291.77173011641787,234.0677497536589,756.9942409224707,768.1440956856143,1013.1825680097085,671.9809070120999,943.1173257847964,903.1544388845377,901.8822887069698,1075.6742106182942,799.321340964931,1176.0987769849012,335.2709901729044,418.65168583329995,1149.6107998206567,571.0093275987676,635.6845625209206,511.9125454655462,1040.3002328660048,390.39337931165966,885.9043806018351,1031.2163106095834,616.4933063826563,290.9045077866256,1168.844903285651,920.7831920716652,526.7081155601531,781.3322338513968,570.9960516969429,918.1831981313026,344.55448195961264,861.4777191446952,1000.9500209709745,383.92765128823106,1037.4998115990359,576.49719776029,394.0218078288727,285.0716333074486,496.1024856777692,684.6093994423401,397.0665391216649,1109.999255064698,770.1874597421191,287.77157191108546,678.6499639770194,388.70878523329486,862.3487622781507
2017-12-10,290.4374848862594,832.9266078609206,502.05753370426686,308.04407907773316,248.37913811803955,825.1547514253615,804.2503424213586,1078.704950255317,713.8776736723232,1013.7902903354798,942.655108123277,938.9753285658436,1191.3835610067908,857.0840377087468,1220.5977376559397,356.5931883264265,441.3736872063267,1220.8485588633944,593.1571996614396,666.8979327396942,567.1336359796493,1123.7769090552717,410.5167891497769,947.3892791759255,1109.3632466876024,651.1351631832317,306.9460362300834,1251.9269385105342,963.7139295085356,575.2444094875244,837.0666476307852,616.645594705021,955.6345125030199,362.03096913465487,915.2028993969348,1099.3563433222118,406.71763906153217,1129.275684172211,608.2292575445686,417.9062260573396,305.18834912777123,519.5419720825884,731.5799243423099,413.0848614229434,1161.7692436924542,821.0096679257803,304.30152702682386,722.454622691735,416.1101295397486,902.7018611271865
2017-12-11,198.16523581542322,532.9527295564228,333.8823195008031,209.57379860543756,163.58080560437554,546.7495125782062,519.0793949906721,708.5307541117335,465.28838775976976,650.7438188356568,623.4181051992502,612.6450938582004,769.2819133998704,562.3330464348771,800.5666918632575,234.62792152476666,286.863523354587,807.0104951838822,395.76989690236263,428.81199431936983,349.3932605851677,716.4246426327533,276.8367525610347,630.3565861965099,707.6451187398771,428.41065505575835,202.48720221996993,811.9966095533418,641.3440076229454,365.3051414784459,541.5363586834844,383.5084591423916,625.4152997750226,247.12244107681855,602.3566233047593,712.6370438916382,260.75141563208587,752.2179836824067,400.9574572488488,272.66156431008926,200.5824298212815,350.427264804863,472.32140217185895,277.0269855034758,778.9635301178529,527.1674308127552,203.82289680694655,483.30493140738076,267.06402890401836,605.032219312591
2017-12-12,229.76226790507658,639.8493887796078,386.81938623664524,239.9684013150045,193.14911325012284,637.2011825261457,620.6434960418751,819.3074624975749,531.9003545337238,764.2218233678037,710.5873219307961,725.0440288764557,911.8554936690944,654.8309242453125,945.8485501264903,271.5267058445442,339.80965797405077,929.4297478764521,459.70738229345693,507.4499557879695,413.64126707710125,855.6147044659149,321.7603941543245,728.5904720574389,848.2029078567732,493.9714247554933,237.95761789954133,950.7039754137812,746.36885877969,434.024556840605,618.3180358949987,464.23188248025104,736.1128320644926,285.33055499301526,700.7466706286854,839.7973309039611,314.9038704735207,866.883433692232,461.92717249307344,311.6507603854486,237.39784888945377,392.41713436888705,549.9238267088684,319.75288844943253,899.2876826063667,642.465295458119,235.69400682048507,550.6123296439489,307.61932029582346,684.7642343177804
2017-12-13,231.0988231715629,650.156388273835,387.5625785271785,241.05486776857035,194.3059700787246,638.9018151666032,619.4900516629251,841.372740510123,544.3782378633522,773.5289914044881,735.4460020161381,713.5265912419706,897.6021323653408,656.1643688603671,943.2454526607277,276.1357486626108,338.01939321280133,935.4931767790251,462.1047565398179,508.0221015654238,424.86535641840436,851.286540312552,324.35137777291965,768.5392701160836,858.1263130096776,488.12026033004565,238.56983917086797,958.63120901972,740.2675064313512,443.2832095940021,636.8688085511632,474.7442905118686,749.673313903389,281.6135865725599,706.9017530770359,847.3358157183368,306.25998682800395,870.2822602065926,476.48561169638003,306.7430818024506,234.67181133566598,422.36609980930297,568.9391455713967,326.79990677322706,899.3426154556558,629.6315991008313,235.80644325108614,556.1505322360014,314.4515207686616,708.4612842428224
2017-12-14,243.42292995423662,687.2888348413925,413.1398381690119,256.4867885403717,207.87527134430312,672.9735563281087,667.6197380998793,891.835418917827,572.713109445839,824.8911530836382,797.0771835417427,787.3119913019104,963.084749968279,702.8020793678801,1002.4275506869803,293.57519593791653,369.8879265977185,1021.5479075274434,494.63624476020703,551.3137343862521,456.7656403865092,929.2501919535192,345.8265360545834,783.9952292488368,905.3319636104417,531.0982072747898,256.33395855122427,1003.0193892212059,816.7868575985219,463.36307867053097,685.173593198523,498.9957216331765,796.3796121427628,301.50360325007847,760.4879279963505,916.2234873782852,348.363067139652,910.8785307092313,511.4948392083929,341.87632038504165,252.2018994821795,434.9703071682671,602.2932902320554,343.2018592273481,972.5895959116281,676.3946535727264,254.38112152519614,598.056293071964,340.7125118287159,757.6270920390106
2017-12-15,261.1199122364462,724.5737545539023,444.94998136598537,274.52374182989547,223.43629323935642,713.7630965393425,697.7324331616161,943.9065655239472,610.842671906252,903.6656766795068,852.0699131895744,834.7164392294629,1033.9878928464402,756.4295668819148,1070.0629084213515,308.498926443762,387.14465073473764,1073.1139855778506,527.6671144421592,587.2458214261372,498.1585721612911,974.7203535572465,366.8667506376289,838.4164048681512,975.6188960379029,567.6527790028284,275.1567838993651,1082.4801506396268,846.4397723999093,508.22993750422836,727.0279963752303,530.2233193653411,862.300570728634,319.826559567558,802.172604062253,945.2223843565852,361.1681062799016,976.4348721553437,543.1087659979173,360.11160741335686,274.18248632849287,466.1329523658916,633.401377916675,367.7567526137797,1048.9252539113493,730.5094038781473,269.38629163724687,644.5323437424197,363.8352367079607,808.5814758343234
2017-12-16,277.42112015535196,790.4029218158004,473.51905994201377,291.38908226900185,234.15304382042302,756.6861422195192,767.5795273700622,1012.765885356459,671.6760220887834,942.5427228143255,902.9429593486315,901.4815070712384,1075.17595379341,799.2590448712662,1175.828870343898,335.3219798806008,418.0714634350522,1149.5615563532556,570.9840106076435,635.251351047474,511.3706735428305,1039.7080645643523,390.31015020174726,885.7435369578443,1030.5905050464823,616.2840399583291,290.9210756007309,1168.661967183244,920.3031799836219,526.3452412649401,780.9690139449041,570.5427893514966,917.8697500982726,343.9781690220892,861.0755427183561,1000.6786445272486,383.6166861269052,1036.9435753457346,576.2935680812495,393.9359210895973,285.23009392057565,496.03622135752966,684.3926881816196,396.9463393648634,1109.8729702400713,769.8428872747493,287.78722605036904,678.5137780747382,388.53646868246443,862.1465272804684
2017-12-17,290.447247271557,832.701674974982,502.4330877340219,307.6658741996954,248.46349736489483,824.8538755595755,803.6979297769174,1078.2992546548517,713.5792446088353,1013.2299076085437,942.4502638224999,938.5860242570366,1190.8997292001266,857.0233943100635,1220.33572773054,356.64352892244665,440.80218724357775,1220.800847140782,593.132405630899,666.47185800345,566.6008323419983,1123.2002447375112,410.4346015031036,947.2323114425582,1108.7538230522077,650.93017890193,306.9624337288035,1251.749875976602,963.2450093835014,574.8873446316276,836.7116003887985,616.2014675659351,955.329723150021,361.4609827651827,914.8108861618255,1099.092203529495,406.4123156842189,1128.7345073774777,608.030988722552,417.8217686633995,305.34508305430387,519.4772154694556,731.3684504102079,412.9669777220102,1161.6464916353918,820.673064856181,304.31697989866365,722.3221905047594,415.94087691840514,902.5049919993372
2017-12-18,198.174890696889,532.7335046210881,334.2523841078622,209.19960074042893,163.66427391088052,546.4556902135645,518.5388733543174,708.1357556608426,464.9962778556029,650.1973044146072,623.2196879622135,612.2669381959969,768.8124383869595,562.2740118229566,800.3123476138827,234.6777579388098,286.30061470696864,806.9642675347571,395.74561496422047,428.3929384777715,348.8693731575731,715.8631577198277,276.75552312680895,630.2034009738185,707.0516473177389,428.20986542237307,202.5034310902542,811.8252320039169,640.885922961846,364.95379300710556,541.1893053944566,383.07328331635955,625.1189299152543,246.5587228002473,601.9745164062324,712.3799477744711,260.45163167018137,751.6914625437778,400.7644081511728,272.57851247296355,200.7374577778832,350.3639815947465,472.1150389503015,276.9113732325135,778.8441822824144,526.8386127905783,203.8381667056142,483.176149471414,266.897785736505,604.8405736912941
2017-12-19,229.7718286762565,639.6357269485617,387.1837670612812,239.59836602526184,193.23169037813236,636.9142483109936,620.1146116164058,818.9228783750643,531.6144299820874,763.6888340501666,710.3951301087424,724.676702593079,911.3997308346386,654.7734558095071,945.6016472768836,271.5764109518795,339.2552114892031,929.3849581012271,459.6836018652161,507.0378033034762,413.1261466553284,855.067894534948,321.68016055624287,728.440978196725,847.6249717826619,493.77474394921177,237.97367987197066,950.538100321812,745.9213591144138,433.6788332435411,617.9788001627899,463.8054774046067,735.824649120669,284.7730195198264,700.374219763305,839.5470906323911,314.6095254414709,866.3711724265523,461.73920570368836,311.56909071305046,237.55119010510114,392.35529103721984,549.7224506964118,319.639503841632,899.1716614159376,642.1440824300669,235.7090857210659,550.4870973464984,307.4560330700594,684.5776736019089
2017-12-20,231.10827031837934,649.9481483764196,387.92211483540797,240.6888085950895,194.38766874248992,638.6216076198955,618.9725591004499,840.9982974515599,544.0983676908857,773.0091924708995,735.2598402819073,713.1697842126297,897.1593862606305,656.1084250131338,943.0057734956447,276.18454486380443,337.4732816785701,935.4497801559107,462.0814672786563,507.6167388132047,424.35885629766994,850.7541048442257,324.2721374931877,768.3933786651596,857.5635047993632,487.9276042764549,238.58573592986656,958.4706597155431,739.8303472008954,442.94302081501354,636.5372080353056,474.3264797178814,749.393091726513,281.06219158825905,706.538714209894,847.092248471115,305.9709820005547,869.783870487189,476.3025934148841,306.66277129272396,234.82348170021749,422.30566359507685,568.7426361474846,326.68870690420454,899.2298402828328,629.31781517651,235.82135067981392,556.028751737774,314.29113692419986,708.2796735203364
2017-12-21,243.4322868598123,687.0858792893175,413.49410136614796,256.1247879002552,207.95609883247707,672.6999177532749,667.1133855306739,891.4708493490256,572.4391654527276,824.3842181055766,796.8968626995343,786.9654022829684,962.6551508427838,702.7476196616,1002.1948838630614,293.6233274813359,369.3500247165003,1021.5058607271797,494.61343650309595,550.9150493213373,456.2676163023978,928.7317558699671,345.74826379448183,783.852853399387,904.7838892052916,530.9094936103377,256.3496917730751,1002.8639947086225,816.3598000349944,463.02833610532633,684.8494610104922,498.58633164021626,796.1071308152829,300.9582623781327,760.1340633107885,915.9864152094716,348.07930566701606,910.3936400125239,511.31663915809327,341.7973464185714,252.35192116631777,434.9112460549492,602.1015298909625,343.09280200240465,972.4799726905235,676.0881269294628,254.39589085017,597.9378692304276,340.5549797411539,757.4502999653059
2017-12-22,261.12916442469657,724.3759492503642,445.2993044923735,274.1657084877276,223.5162601554974,713.4958729416804,697.2369854476972,943.5516086299019,610.5745286071865,903.1712872942076,851.8952499804933,834.3797756041049,1033.570597378747,756.3765519381643,1069.8370487771774,308.5468197317105,386.6148350918049,1073.0732466514426,527.6447772594029,586.8537042097998,497.6688822684438,974.2155737196736,366.78947435287597,838.2774599031799,975.0851687392575,567.4679270266184,275.17235533755075,1082.3297454083954,846.022583067673,507.90055395548876,726.7111716585298,529.8221806041432,862.0356164269749,319.2871877423991,801.827681703184,944.9916340654885,360.8894930477685,975.9631139206011,542.9352573320431,360.0339477474784,274.3308754362611,466.0752350652993,633.2142518280907,367.6497967460332,1048.8186652998422,730.2099666680326,269.40086795296213,644.4171840374722,363.68050567289555,808.4093745648115
2017-12-23,277.43028100678515,790.2101360668596,473.86275552522255,291.0348695847752,234.23216091322365,756.4251832076351,767.0947462006096,1012.4202883216116,671.41355665545,942.060568543928,902.7737762622177,901.1544846024217,1074.7712070359291,799.2074363865871,1175.6096187205894,335.3691885661482,417.5496124692475,1149.5220845964823,570.9621347901727,634.8656932969451,510.88917839184666,1039.2165074549887,390.23387388630783,885.6079402021244,1030.0707492490415,616.1029706744383,290.9364868446711,1168.516391048026,919.8956307485432,526.021130953411,780.6593308214173,570.1497354496141,917.612114901283,343.4447295244713,860.739336713277,1000.4540475314632,383.34312770558955,1036.4845951613768,576.1246272917701,393.85955385081013,285.37686820194756,495.97981729498815,684.2100843613217,396.84144436494273,1109.7693667777323,769.550375525192,287.80167942743054,678.4017925364246,388.3844888934242,861.978992350345
2017-12-24,290.4563041922947,832.5137814032265,502.7719693566917,307.3156201094677,248.54176417568146,824.5990342722166,803.2235876580637,1077.9627697464753,713.3223368139894,1012.759685660531,942.286388917123,938.268366847516,1190.5066861148193,856.9731549629659,1220.122890794912,356.6901593810706,440.2881812236523,1220.7626031241202,593.1109816238946,666.0925535422649,566.1273947700935,1122.721569406356,410.35927666135046,947.0999822129467,1108.2476727962066,650.7528149051606,306.97768647732033,1251.608973885164,962.8468775342981,574.5684231227102,836.4088866012097,615.8163355586105,955.0792048627634,360.9334010432181,914.4831762374597,1098.8735957425033,406.14372037133,1128.2879562262021,607.8664955531916,417.7466723433482,305.49025961827255,519.4220947647063,731.1902596019843,412.8641038805014,1161.5457751242498,820.387318400598,304.3312659173456,722.2132916429823,415.79159945631943,902.3419022508504
2017-12-25,198.1838496862571,532.5503790814606,334.5863111229292,208.8531212436495,163.74170984342052,546.206823233023,518.074743995007,707.8081430285379,464.7448100176062,649.7387194886256,623.0609546931165,611.9583776552229,768.4308824970527,562.225105287028,800.1057376905768,234.72388460356694,285.794335700097,806.9272130738086,395.72463344457725,428.0198824998194,348.40385834074493,715.3971012840913,276.6811144124841,630.07426053156,706.5587466509744,428.0361308787497,202.51852696341635,811.6888538863308,640.4969908802352,364.6399772339944,540.8934072218588,382.69591355710816,624.875331945585,246.03693776601017,601.6550878711975,712.1671694852047,260.18790942274643,751.2570052198215,400.6042455118604,272.50466592061275,200.8810542957865,350.31011504739104,471.9411544866403,276.8104816048265,778.7462790579697,526.5594751590544,203.8522917705851,483.0702522075804,266.7511625515156,604.6818111810734
2017-12-26,229.78069444280692,639.4572484463407,387.51268511926514,239.25570448268397,193.30830108883353,636.6712155785556,619.6604757978214,818.6039039690736,531.3682869112654,763.2415981538493,710.2413771537618,724.3769784107707,911.0293221589644,654.7258467318567,945.4010821809755,271.62222095702583,338.7565433357671,929.349056201143,459.66305369478744,506.67089291678303,412.6684220092365,854.6140240679154,321.60667273073403,728.3149497004498,847.1449737838668,493.6045646041777,237.98862048268705,950.4061009258085,745.5414142131827,433.37004146758517,617.6895709050441,463.4357134583318,735.5877803011448,284.2569627821715,700.0628633373643,839.3399863887331,314.35058784636124,865.9484810375751,461.5832595864031,311.4964731295717,237.69322394714354,392.30265011168456,549.5527685055458,319.5405562336893,899.0764887672427,641.8714007675102,235.72304797043012,550.384118947051,307.3120169670789,684.4231235160939
2017-12-27,231.11703778973882,649.7741989872743,388.24642422342134,240.3498628879424,194.4634635433962,638.3842723621395,618.5282024114669,840.6877336195075,543.8574366366653,772.5730247392977,735.1109113825783,712.8786433388321,896.7998268989144,656.062078968761,942.8110763725085,276.2296679683213,336.9821099653138,935.4149949665259,462.0613435048019,507.25587282657597,423.90879144603093,850.3121684456922,324.19956331405683,768.2703871251448,857.0960718273069,487.76090735927795,238.60052286994681,958.3428984526081,739.4591818085737,442.6391726044839,636.2544899624556,473.9641682670535,749.1627661707536,280.55180760168633,706.2352259106704,846.8906669663002,305.71674225791077,869.3726267522886,476.15075281361965,306.59136222535847,234.9639689452594,422.25422040466765,568.5770546736346,326.5916658579013,899.1373215393114,629.0514401705419,235.8351571573151,555.9286117495546,314.14968154716587,708.1292240910642
2017-12-28,243.44096363642325,686.916344081394,413.8136599024276,255.78957292671964,208.0310862228354,672.468146403158,666.6785961587567,891.1684742907389,572.2033360519781,823.9588446242982,796.7526064995204,786.6825989144087,962.3060558042307,702.7025031436492,1002.0058830320978,293.6679077587153,368.86623674989823,1021.4721575132379,494.59372836326446,550.5601280334273,455.8250830821356,928.3014482599384,345.67658724958,783.7328256328286,904.3286922327493,530.7462078693145,256.3643266194256,1002.7403355040694,815.9972112911198,462.7293523169294,684.5731090566527,498.2313225036127,795.8831677726259,300.45348337974036,759.8382443015657,915.790209171561,347.82967853940187,909.9935335104866,511.16879598891336,341.72712575494745,252.49088033743774,434.86097334791083,601.9399500313011,342.9976307812828,972.3900336972051,675.8279127158823,254.4095540163518,597.8404894178225,340.4160395582397,757.3038423908616
2017-12-29,261.13774685588925,724.2107162083456,445.61428614321505,273.8341606458827,223.59044804698004,713.2695350625743,696.8115585507708,943.2572063953331,610.3436928336978,902.7564409280236,851.7555198710888,834.1050709766663,1033.2317286329046,756.3326323278882,1069.6535775808363,308.59103327116577,386.1383198725218,1073.040591753297,527.6254761683653,586.504629752186,497.2337546356279,973.7965929388951,366.71869754747166,838.1603244909954,974.6418875055755,567.3079826655339,275.18683966584484,1082.2100565567425,845.6683727896229,507.6063567122276,726.4410412016806,529.4743265832115,861.8178401386423,318.78794681410295,801.5393381817626,944.8006601497682,360.6443948473672,975.573843008737,542.7913063564368,359.96489570991736,274.4683223142448,466.02610620972507,633.0565768762608,367.5564593216326,1048.7312388507337,729.9557707603873,269.41437068269323,644.322488321289,363.5440359617223,808.266802929245
2017-12-30,277.4387737728251,790.0490960179573,474.1729081116516,290.70691006247057,234.3055589152474,756.2041514222205,766.6784791526683,1012.1336487416129,671.1876087704514,941.6559887683837,902.6384302360252,900.8876467895607,1074.4422010370363,799.1646819334919,1175.4315153772434,335.4128308231271,417.08026066677735,1149.490445410289,570.9432323377553,634.522369379503,510.4613324217045,1038.8085004364036,390.1639904154924,885.4936274461502,1029.6390717845652,615.9462993090528,290.95082219119405,1168.4005450720363,919.549605323179,525.7316436281789,780.3952856500804,569.8088923463082,917.4003544637283,342.95097415193715,860.4582797690819,1000.2681662156947,383.10247626893,1036.1058661518202,575.9844660419668,393.79165099087027,285.5128192204901,495.93180626478346,684.0562199472062,396.74990540292225,1109.6843771763822,769.3020587310472,287.81504640177945,678.3097069344548,388.2504457270188,861.8402035490072
2017-12-31,290.46470427724415,832.356827945046,503.07767030106794,306.99127618431584,248.61437792346365,824.3831841880467,802.8162836730793,1077.683688118756,713.1011733176812,1012.3651183986342,942.155289422399,938.0091705644525,1190.1873208014104,856.9315347543285,1219.9499982563398,356.733297649427,439.8258851507778,1220.7319480589115,593.0924695806106,665.7548854037644,565.7067085906115,1122.3242806273622,410.29026431696195,946.9884240945594,1107.827295402761,650.5993495545104,306.9918743825274,1251.4968474009338,962.5088478305555,574.2835703100947,836.1507891927491,615.4823620779925,954.8732940954084,360.4450682957375,914.2092217359163,1098.6926712250406,405.9074350208878,1127.9194843574935,607.7300242589628,417.6798995361432,305.62473094647623,519.3751761261117,731.040113633261,412.77432872737836,1161.4631559946206,820.1447447439313,304.34448304675396,722.1237442122016,415.6599396887409,902.2067959142291
